{
  "COMPRESSION_TYPE": "INTEGER COSINE TRANSFORM",
  "DATA_SET_ID": "JUNO-J-JUNOCAM-2-EDR-L0-V1.0",
  "DESCRIPTION": "",
  "EXPOSURE_DURATION": "3.200000 <ms>",
  "FILE_NAME": "JNCE_2018038_11C00025_V01-raw.png",
  "FILE_RECORDS": 13056,
  "FILTER_NAME": [
    "BLUE",
    "GREEN",
    "RED"
  ],
  "FOCAL_PLANE_TEMPERATURE": "273.0 <K>",
  "IMAGE_TIME": "2018-02-07T14:18:34.568",
  "INSTRUMENT_HOST_NAME": "JUNO",
  "INSTRUMENT_ID": "JNC",
  "INSTRUMENT_NAME": "JUNO EPO CAMERA",
  "INTERFRAME_DELAY": "0.371 <s>",
  "JNO:TDI_STAGES_COUNT": 1,
  "LINES": 13056,
  "LINE_PREFIX_BYTES": 0,
  "LINE_SAMPLES": 1648,
  "LINE_SUFFIX_BYTES": 0,
  "MISSION_PHASE_NAME": "PERIJOVE 11",
  "ORBIT_NUMBER": 11,
  "PJ": "11",
  "PROCESSING_LEVEL_ID": 2,
  "PRODUCER_ID": "JUNO_JUNOCAM_TEAM",
  "PRODUCT_CREATION_TIME": "2018-02-12T18:08:33",
  "PRODUCT_ID": "JNCE_2018038_11C00025_V01",
  "PRODUCT_VERSION_ID": 1,
  "RATIONALE_DESC": "Jupiter imaging",
  "RECORD_BYTES": 1648,
  "SAMPLE_BITS": 8,
  "SAMPLE_BIT_MASK": "2#11111111#",
  "SAMPLE_BIT_MODE_ID": "SQROOT",
  "SAMPLE_TYPE": "UNSIGNED_INTEGER",
  "SAMPLING_FACTOR": 1,
  "SEQUENCE_ID": "jm11",
  "SOFTWARE_NAME": "JUNOMAKEPDS.PY 0.6",
  "SOLAR_DISTANCE": "8.1176e+08 <km>",
  "SOURCE_PRODUCT_ID": "3D-09000B0019-2018-040T05.58.42",
  "SPACECRAFT_ALTITUDE": "29222.6 <km>",
  "SPACECRAFT_CLOCK_START_COUNT": "571285348:181",
  "SPACECRAFT_CLOCK_STOP_COUNT": "N/A",
  "SPACECRAFT_NAME": "JUNO",
  "STANDARD_DATA_PRODUCT_ID": "JUNOCAM-EDR",
  "START_TIME": "2018-02-07T14:18:34.568",
  "STOP_TIME": "2018-02-07T14:18:47.182",
  "SUB_SPACECRAFT_LATITUDE": "-48.4804",
  "SUB_SPACECRAFT_LONGITUDE": "228.1892",
  "TARGET_NAME": "JUPITER",
  "TITLE": "South South Temperate Zone",
  "TOKEN_ID": []
}
